cyberpunk1577,"b'RT @SenadoFederal: A Lei 14.019/2020, que obriga o uso de mscaras em todo territrio nacional, continua em vigor. Confira essa e outras in'",SenadoFederal
Valdemi37937966,"b'RT @SenadoFederal: A Lei 14.019/2020, que obriga o uso de mscaras em todo territrio nacional, continua em vigor. Confira essa e outras in'",SenadoFederal
PauloMozzone,"b'RT @SenadoFederal: A Lei 14.019/2020, que obriga o uso de mscaras em todo territrio nacional, continua em vigor. Confira essa e outras in'",SenadoFederal
M_Ferrir,"b'RT @SenadoFederal: A Lei 14.019/2020, que obriga o uso de mscaras em todo territrio nacional, continua em vigor. Confira essa e outras in'",SenadoFederal
xredxfox,"b'RT @SenadoFederal: A Lei 14.019/2020, que obriga o uso de mscaras em todo territrio nacional, continua em vigor. Confira essa e outras in'",SenadoFederal
jedulira,"b'RT @SenadoFederal: A Lei 14.019/2020, que obriga o uso de mscaras em todo territrio nacional, continua em vigor. Confira essa e outras in'",SenadoFederal
ejmorais59,"b'RT @SenadoFederal: A Lei 14.019/2020, que obriga o uso de mscaras em todo territrio nacional, continua em vigor. Confira essa e outras in'",SenadoFederal
ritaleeparanoic,"b'RT @SenadoFederal: A Lei 14.019/2020, que obriga o uso de mscaras em todo territrio nacional, continua em vigor. Confira essa e outras in'",SenadoFederal
SenadoFederal,"b'A Lei 14.019/2020, que obriga o uso de mscaras em todo territrio nacional, continua em vigor. Confira essa e outras informaes a respeito de leis votadas no Senado pelo email: senadoverifica@senado.leg.br Voc tambm pode usar o Formulrio de mensagem: https://t.co/1hympumiSq https://t.co/KWWDdHH7Ae'",
eu_Dipe,b'RT @fatooufake:  #FAKE que lei 14.019 determina que o uso de mscara no  mais obrigatrio em todo o Brasil https://t.co/XS80wxMhMu #Fato',fatooufake
cyberpunk1577,"b'RT @SenadoFederal: A Lei 14.019/2020, que obriga o uso de mscaras em todo territrio nacional, continua em vigor. Confira essa e outras in'",SenadoFederal
Valdemi37937966,"b'RT @SenadoFederal: A Lei 14.019/2020, que obriga o uso de mscaras em todo territrio nacional, continua em vigor. Confira essa e outras in'",SenadoFederal
PauloMozzone,"b'RT @SenadoFederal: A Lei 14.019/2020, que obriga o uso de mscaras em todo territrio nacional, continua em vigor. Confira essa e outras in'",SenadoFederal
M_Ferrir,"b'RT @SenadoFederal: A Lei 14.019/2020, que obriga o uso de mscaras em todo territrio nacional, continua em vigor. Confira essa e outras in'",SenadoFederal
xredxfox,"b'RT @SenadoFederal: A Lei 14.019/2020, que obriga o uso de mscaras em todo territrio nacional, continua em vigor. Confira essa e outras in'",SenadoFederal
jedulira,"b'RT @SenadoFederal: A Lei 14.019/2020, que obriga o uso de mscaras em todo territrio nacional, continua em vigor. Confira essa e outras in'",SenadoFederal
ejmorais59,"b'RT @SenadoFederal: A Lei 14.019/2020, que obriga o uso de mscaras em todo territrio nacional, continua em vigor. Confira essa e outras in'",SenadoFederal
ritaleeparanoic,"b'RT @SenadoFederal: A Lei 14.019/2020, que obriga o uso de mscaras em todo territrio nacional, continua em vigor. Confira essa e outras in'",SenadoFederal
SenadoFederal,"b'A Lei 14.019/2020, que obriga o uso de mscaras em todo territrio nacional, continua em vigor. Confira essa e outras informaes a respeito de leis votadas no Senado pelo email: senadoverifica@senado.leg.br Voc tambm pode usar o Formulrio de mensagem: https://t.co/1hympumiSq https://t.co/KWWDdHH7Ae'",
eu_Dipe,b'RT @fatooufake:  #FAKE que lei 14.019 determina que o uso de mscara no  mais obrigatrio em todo o Brasil https://t.co/XS80wxMhMu #Fato',fatooufake
